date	it	instrument	satellite	channel	nassim	nrej	oberr	OmF_wobc	OmF_bc	pen	rms	std
2021-05-11 03:00:00	1	mhs	metop-a	1	2	90	-2.5	1.5528381	1.5528381	0.7346199	3.0155449	2.5849961
2021-05-11 03:00:00	1	mhs	metop-a	2	3	938	-2.5	1.6009302	1.6009302	0.6602572	2.2497486	1.5806301
2021-05-11 03:00:00	1	mhs	metop-a	3	3	2	-2.5	0.0337971	0.0337971	0.1455503	0.9689672	0.9683776
2021-05-11 03:00:00	1	mhs	metop-a	4	3	2	-2.0	-0.0396467	-0.0396467	0.0354488	0.4033273	0.401374
2021-05-11 03:00:00	1	mhs	metop-a	5	3	2	-2.0	-0.2904033	-0.2904033	0.243545	1.0370647	0.9955748
2021-05-11 03:00:00	1	mhs	n19	1	206	320	2.5	2.0595636	1.8811682	0.4173322	3.0658904	2.4209276
2021-05-11 03:00:00	1	mhs	n19	2	232	246	2.5	1.9470928	1.7917068	0.4218113	2.7944738	2.1444977
2021-05-11 03:00:00	1	mhs	n19	3	232	10	-2.5	0.0040722	0.0155973	0.1946162	1.1294758	1.1293681
2021-05-11 03:00:00	1	mhs	n19	4	232	21	2.0	-0.1895987	-0.0447176	0.2444218	1.0084526	1.0074607
2021-05-11 03:00:00	1	mhs	n19	5	232	14	2.0	-0.3109747	0.1148573	0.1460021	0.9263678	0.9192198
2021-05-11 03:00:00	1	mhs	metop-b	1	424	151	-2.5	1.6286683	1.6286683	0.4172173	2.9829737	2.4991141
2021-05-11 03:00:00	1	mhs	metop-b	2	473	55	-2.5	1.5505452	1.5505452	0.2367629	2.2983817	1.6965755
2021-05-11 03:00:00	1	mhs	metop-b	3	473	6	-2.5	0.1821348	0.1821348	0.1514529	0.9994411	0.9827052
2021-05-11 03:00:00	1	mhs	metop-b	4	473	5	-2.0	-0.0441099	-0.0441099	0.2002228	0.9156806	0.9146175
2021-05-11 03:00:00	1	mhs	metop-b	5	473	7	-2.0	-0.0886215	-0.0886215	0.1479382	0.8448053	0.8401442
2021-05-11 03:00:00	2	mhs	metop-a	1	4	87	-2.5	0.1446457	0.1446457	0.298352	2.2280894	2.2233893
2021-05-11 03:00:00	2	mhs	metop-a	2	5	936	-2.5	1.9724803	1.9724803	0.4210588	2.4855266	1.5123371
2021-05-11 03:00:00	2	mhs	metop-a	3	5	1	-2.5	0.2822317	0.2822317	0.1968107	1.1130882	1.0767129
2021-05-11 03:00:00	2	mhs	metop-a	4	5	2	-2.0	0.0494701	0.0494701	0.1016509	0.6414699	0.6395595
2021-05-11 03:00:00	2	mhs	metop-a	5	5	0	-2.0	-0.046205	-0.046205	0.1316785	0.7417118	0.7402712
2021-05-11 03:00:00	2	mhs	n19	1	215	137	2.5	2.2986433	0.40301	0.2115963	2.1846277	2.1471332
2021-05-11 03:00:00	2	mhs	n19	2	229	98	2.5	2.0183915	0.5240841	0.2967756	1.9855343	1.9151194
2021-05-11 03:00:00	2	mhs	n19	3	229	3	-2.5	-0.0695938	-0.0584335	0.1989864	1.1366287	1.1351257
2021-05-11 03:00:00	2	mhs	n19	4	229	11	2.0	-0.1639132	0.0272896	0.1586523	0.812669	0.8122107
2021-05-11 03:00:00	2	mhs	n19	5	229	8	2.0	-0.3986333	-0.0143205	0.1102275	0.7801578	0.7800263
2021-05-11 03:00:00	2	mhs	metop-b	1	464	147	-2.5	1.6938281	1.6938281	0.444207	3.0258985	2.5073908
2021-05-11 03:00:00	2	mhs	metop-b	2	514	49	-2.5	1.4953328	1.4953328	0.2402003	2.2636746	1.6994712
2021-05-11 03:00:00	2	mhs	metop-b	3	514	7	-2.5	0.1373138	0.1373138	0.1405141	0.9625581	0.9527135
2021-05-11 03:00:00	2	mhs	metop-b	4	514	7	-2.0	-0.0641641	-0.0641641	0.1828004	0.875749	0.8733953
2021-05-11 03:00:00	2	mhs	metop-b	5	514	6	-2.0	-0.1390217	-0.1390217	0.1320345	0.7980364	0.785834
2021-05-11 03:00:00	3	mhs	metop-a	1	5	91	-2.5	0.448833	0.448833	0.2858759	2.155855	2.1086156
2021-05-11 03:00:00	3	mhs	metop-a	2	6	937	-2.5	1.3175718	1.3175718	0.3884205	2.30052	1.8858411
2021-05-11 03:00:00	3	mhs	metop-a	3	6	2	-2.5	0.5987889	0.5987889	0.1522797	1.0964602	0.9185188
2021-05-11 03:00:00	3	mhs	metop-a	4	6	3	-2.0	0.2697942	0.2697942	0.1589368	0.9507876	0.9117062
2021-05-11 03:00:00	3	mhs	metop-a	5	6	2	-2.0	-0.1533829	-0.1533829	0.0902134	0.6285408	0.6095385
2021-05-11 03:00:00	3	mhs	n19	1	217	114	2.5	2.3327529	-0.2153863	0.1901803	2.0879293	2.0767901
2021-05-11 03:00:00	3	mhs	n19	2	232	71	2.5	2.1457696	0.0674121	0.2443643	1.8643268	1.8631076
2021-05-11 03:00:00	3	mhs	n19	3	232	5	-2.5	0.0276962	0.0299277	0.2005378	1.1409668	1.1405743
2021-05-11 03:00:00	3	mhs	n19	4	232	5	2.0	-0.1258228	-0.0268476	0.1570095	0.8129884	0.812545
2021-05-11 03:00:00	3	mhs	n19	5	232	5	2.0	-0.3881692	0.0527589	0.1040988	0.7709371	0.7691298
2021-05-11 03:00:00	3	mhs	metop-b	1	486	147	-2.5	1.7939537	1.7939537	0.4872165	3.074405	2.4967371
2021-05-11 03:00:00	3	mhs	metop-b	2	535	48	-2.5	1.4700099	1.4700099	0.2334896	2.2200554	1.6636456
2021-05-11 03:00:00	3	mhs	metop-b	3	535	5	-2.5	0.1419553	0.1419553	0.1377929	0.9501936	0.93953
2021-05-11 03:00:00	3	mhs	metop-b	4	535	6	-2.0	-0.0771652	-0.0771652	0.1766759	0.8612148	0.8577508
2021-05-11 03:00:00	3	mhs	metop-b	5	535	5	-2.0	-0.1543114	-0.1543114	0.1310706	0.7935983	0.7784512
2021-05-11 04:00:00	1	mhs	metop-b	1	595	90	2.5	0.2605568	0.2605568	0.1105082	2.4276848	2.4136619
2021-05-11 04:00:00	1	mhs	metop-b	2	631	45	2.5	0.5588552	0.5588552	0.0484133	1.8564649	1.770351
2021-05-11 04:00:00	1	mhs	metop-b	3	631	8	2.5	0.0010991	0.0010991	0.1204759	0.8993875	0.8993868
2021-05-11 04:00:00	1	mhs	metop-b	4	631	7	2.0	-0.139292	-0.139292	0.1617553	0.8308085	0.8190485
2021-05-11 04:00:00	1	mhs	metop-b	5	631	8	2.0	-0.3634706	-0.3634706	0.1396285	0.8441798	0.7619243
2021-05-11 04:00:00	2	mhs	metop-b	1	571	79	2.5	0.2409597	-0.0740265	0.1024127	2.2181645	2.2169289
2021-05-11 04:00:00	2	mhs	metop-b	2	612	35	2.5	0.5625721	0.1306169	0.0376782	1.4758022	1.4700107
2021-05-11 04:00:00	2	mhs	metop-b	3	612	6	2.5	-0.0218682	-0.0104257	0.0943111	0.8009912	0.8009234
2021-05-11 04:00:00	2	mhs	metop-b	4	612	7	2.0	-0.1972289	-0.0523389	0.1101253	0.6888449	0.6868537
2021-05-11 04:00:00	2	mhs	metop-b	5	612	6	2.0	-0.4771756	-0.0429529	0.0956748	0.6972339	0.6959096
2021-05-11 04:00:00	3	mhs	metop-b	1	548	65	2.5	0.182707	-0.1298622	0.1033434	2.246124	2.2423668
2021-05-11 04:00:00	3	mhs	metop-b	2	583	33	2.5	0.5216017	0.062786	0.0458164	1.4500365	1.4486765
2021-05-11 04:00:00	3	mhs	metop-b	3	583	7	2.5	0.0348655	0.022362	0.0815766	0.7429202	0.7425835
2021-05-11 04:00:00	3	mhs	metop-b	4	583	5	2.0	-0.1736308	0.0385923	0.1021006	0.662015	0.6608891
2021-05-11 04:00:00	3	mhs	metop-b	5	583	7	2.0	-0.4992868	-0.011161	0.0922697	0.6811177	0.6810263
2021-05-11 05:00:00	1	mhs	metop-a	1	6	132	-2.5	-1.6844668	-1.6844668	0.21147	3.6277834	3.2130024
2021-05-11 05:00:00	1	mhs	metop-a	2	6	429	-2.5	-0.0428338	-0.0428338	1.1530379	3.6293541	3.6291013
2021-05-11 05:00:00	1	mhs	metop-a	3	6	5	-2.5	-0.3932337	-0.3932337	0.1454706	0.9763632	0.8936735
2021-05-11 05:00:00	1	mhs	metop-a	4	6	8	-2.0	-0.6416007	-0.6416007	0.228854	1.0008958	0.7682063
2021-05-11 05:00:00	1	mhs	metop-a	5	6	7	-2.0	-0.7440724	-0.7440724	0.1188493	0.8532436	0.4175894
2021-05-11 05:00:00	2	mhs	metop-a	1	7	132	-2.5	0.2125773	0.2125773	0.233781	2.3246155	2.3148754
2021-05-11 05:00:00	2	mhs	metop-a	2	8	428	-2.5	1.2611314	1.2611314	0.8275272	2.962421	2.6805757
2021-05-11 05:00:00	2	mhs	metop-a	3	8	4	-2.5	-0.3191483	-0.3191483	0.1676263	1.0432498	0.9932343
2021-05-11 05:00:00	2	mhs	metop-a	4	8	7	-2.0	-0.5807194	-0.5807194	0.2417288	1.0231452	0.8423723
2021-05-11 05:00:00	2	mhs	metop-a	5	8	6	-2.0	-0.9423309	-0.9423309	0.2718562	1.2050581	0.7511174
2021-05-11 05:00:00	3	mhs	metop-a	1	7	131	-2.5	0.1688023	0.1688023	0.2371621	2.369855	2.3638355
2021-05-11 05:00:00	3	mhs	metop-a	2	8	428	-2.5	1.2716689	1.2716689	0.8656877	3.0072139	2.7251043
2021-05-11 05:00:00	3	mhs	metop-a	3	8	4	-2.5	-0.514796	-0.514796	0.1386	0.9566533	0.8063316
2021-05-11 05:00:00	3	mhs	metop-a	4	8	6	-2.0	-0.6587455	-0.6587455	0.2896566	1.1226187	0.9090253
2021-05-11 05:00:00	3	mhs	metop-a	5	8	7	-2.0	-0.9338166	-0.9338166	0.2964377	1.260673	0.8469256
2021-05-11 06:00:00	1	mhs	metop-b	1	702	220	2.5	1.6066956	-0.1319953	0.3435769	2.8622988	2.8592537
2021-05-11 06:00:00	1	mhs	metop-b	2	792	139	2.5	1.329995	-0.4303706	0.5190167	2.7075727	2.67315
2021-05-11 06:00:00	1	mhs	metop-b	3	792	8	2.5	-0.0725828	-0.1334194	0.1295861	0.9260754	0.9164142
2021-05-11 06:00:00	1	mhs	metop-b	4	792	14	2.0	-0.367648	-0.0752321	0.1557584	0.81583	0.8123538
2021-05-11 06:00:00	1	mhs	metop-b	5	792	10	2.0	-0.3204941	0.2142536	0.1034368	0.7789621	0.7489174
2021-05-11 06:00:00	2	mhs	metop-b	1	788	197	2.5	1.8542501	0.0820744	0.2983772	2.5632191	2.5619047
2021-05-11 06:00:00	2	mhs	metop-b	2	875	116	2.5	1.481898	0.0166663	0.3571904	2.298902	2.2988415
2021-05-11 06:00:00	2	mhs	metop-b	3	875	10	2.5	-0.0116918	0.0406861	0.0887585	0.7610646	0.7599763
2021-05-11 06:00:00	2	mhs	metop-b	4	875	15	2.0	-0.2681448	-0.0304865	0.1016479	0.6557103	0.6550012
2021-05-11 06:00:00	2	mhs	metop-b	5	875	17	2.0	-0.2468955	0.1668535	0.0919918	0.7136539	0.6938745
2021-05-11 06:00:00	3	mhs	metop-b	1	882	215	2.5	1.9375352	0.0924705	0.2214874	2.4472587	2.4455111
2021-05-11 06:00:00	3	mhs	metop-b	2	989	117	2.5	1.5622478	0.2126154	0.2576983	2.2109758	2.2007292
2021-05-11 06:00:00	3	mhs	metop-b	3	989	13	2.5	-0.028528	-0.0200514	0.0706674	0.6804465	0.680151
2021-05-11 06:00:00	3	mhs	metop-b	4	989	13	2.0	-0.2882284	0.0064119	0.0866377	0.6067504	0.6067165
2021-05-11 06:00:00	3	mhs	metop-b	5	989	14	2.0	-0.2059874	0.0461931	0.0831286	0.7049101	0.703395
2021-05-11 11:00:00	1	mhs	n19	1	11	11	2.5	-0.3961638	-3.4934028	1.1450232	4.3181191	2.5381665
2021-05-11 11:00:00	1	mhs	n19	2	14	0	2.5	0.0510177	0.1670731	0.2635004	1.5716889	1.5627836
2021-05-11 11:00:00	1	mhs	n19	3	14	0	-2.5	-0.350691	-0.0538826	0.2050245	1.1885425	1.1873205
2021-05-11 11:00:00	1	mhs	n19	4	14	0	2.0	-0.4795503	-0.3206284	0.1986102	0.9786104	0.9245949
2021-05-11 11:00:00	1	mhs	n19	5	14	0	2.0	-0.3847611	0.1944047	0.080126	0.6409234	0.6107288
2021-05-11 11:00:00	2	mhs	n19	1	12	4	2.5	-0.6460712	-1.9472479	0.6231712	3.0840352	2.3915474
2021-05-11 11:00:00	2	mhs	n19	2	12	3	2.5	-0.1866988	-0.1300729	0.1700695	1.1895726	1.1824398
2021-05-11 11:00:00	2	mhs	n19	3	12	0	-2.5	-0.1351335	0.1570892	0.2246849	1.1968713	1.1865175
2021-05-11 11:00:00	2	mhs	n19	4	12	0	2.0	-0.6360416	-0.2977581	0.1416618	0.7672143	0.7070771
2021-05-11 11:00:00	2	mhs	n19	5	12	0	2.0	-0.5325985	-0.0089641	0.0670034	0.5220863	0.5220093
2021-05-11 11:00:00	3	mhs	n19	1	11	4	2.5	-1.181873	-2.3129281	0.3794259	2.4486307	0.8038383
2021-05-11 11:00:00	3	mhs	n19	2	12	3	2.5	-0.0098817	0.0475431	0.1352421	1.0624261	1.0613618
2021-05-11 11:00:00	3	mhs	n19	3	12	0	-2.5	-0.0813057	0.2104585	0.225993	1.1989268	1.1803104
2021-05-11 11:00:00	3	mhs	n19	4	12	0	2.0	-0.60562	-0.1754289	0.1233427	0.7200719	0.6983754
2021-05-11 11:00:00	3	mhs	n19	5	12	0	2.0	-0.5218353	0.043916	0.0647964	0.5144895	0.5126118
2021-05-11 12:00:00	1	mhs	n19	1	48	12	2.5	-0.6589247	-0.6335014	0.2086462	2.549618	2.4696615
2021-05-11 12:00:00	1	mhs	n19	2	50	3	2.5	0.980698	-0.2802637	0.1012363	1.9126195	1.891974
2021-05-11 12:00:00	1	mhs	n19	3	50	0	-2.5	-0.0827354	0.0250306	0.2263709	1.2449415	1.2446898
2021-05-11 12:00:00	1	mhs	n19	4	50	1	2.0	-0.2964191	0.0382022	0.2189679	0.9660862	0.9653306
2021-05-11 12:00:00	1	mhs	n19	5	50	0	2.0	-0.2901956	0.0330493	0.1157648	0.8373405	0.8366881
2021-05-11 12:00:00	2	mhs	n19	1	59	15	2.5	-0.1781059	0.1752143	0.0740003	2.3143109	2.3076687
2021-05-11 12:00:00	2	mhs	n19	2	61	5	2.5	1.4118313	0.5452155	0.0555943	1.8947769	1.8146403
2021-05-11 12:00:00	2	mhs	n19	3	61	0	-2.5	-0.0296358	0.068037	0.2303255	1.2258901	1.2240006
2021-05-11 12:00:00	2	mhs	n19	4	61	1	2.0	-0.0475055	0.0980048	0.2094085	0.9380432	0.9329095
2021-05-11 12:00:00	2	mhs	n19	5	61	0	2.0	-0.1491345	0.0425189	0.118789	0.85795	0.8568958
2021-05-11 12:00:00	3	mhs	n19	1	54	16	2.5	-0.3606995	-0.158914	0.0683489	2.1471771	2.1412883
2021-05-11 12:00:00	3	mhs	n19	2	57	6	2.5	1.4236468	0.1761352	0.0440657	1.6521001	1.6426842
2021-05-11 12:00:00	3	mhs	n19	3	57	0	-2.5	0.0858874	0.1951729	0.2375129	1.256724	1.241476
2021-05-11 12:00:00	3	mhs	n19	4	57	1	2.0	-0.0551627	0.0431891	0.198609	0.9344622	0.9334636
2021-05-11 12:00:00	3	mhs	n19	5	57	0	2.0	-0.1861018	-0.0577803	0.104403	0.7889701	0.7868515
2021-05-11 13:00:00	1	mhs	n19	1	167	76	2.5	-1.0735709	-1.2423487	0.0691849	2.6958031	2.3924724
2021-05-11 13:00:00	1	mhs	n19	2	180	38	2.5	0.4902593	-0.8158871	0.0710456	2.0023602	1.8285991
2021-05-11 13:00:00	1	mhs	n19	3	180	4	-2.5	0.169174	0.1787644	0.2029427	1.1490621	1.1350714
2021-05-11 13:00:00	1	mhs	n19	4	180	11	2.0	-0.2056711	-0.1149793	0.1934084	0.90417	0.8968295
2021-05-11 13:00:00	1	mhs	n19	5	180	11	2.0	-0.7115369	-0.526649	0.1541388	0.9100119	0.7421338
2021-05-11 13:00:00	2	mhs	n19	1	178	48	2.5	-1.3582102	-0.8618935	0.0519129	2.5539784	2.4041516
2021-05-11 13:00:00	2	mhs	n19	2	186	21	2.5	0.5144116	-0.4121303	0.0513576	1.7843443	1.7360972
2021-05-11 13:00:00	2	mhs	n19	3	186	2	-2.5	0.130827	0.1319089	0.2228533	1.2104442	1.2032353
2021-05-11 13:00:00	2	mhs	n19	4	186	5	2.0	-0.1458601	-0.014666	0.1268323	0.7381452	0.7379995
2021-05-11 13:00:00	2	mhs	n19	5	186	4	2.0	-0.6278811	-0.1028364	0.0890495	0.7114148	0.703943
2021-05-11 13:00:00	3	mhs	n19	1	169	49	2.5	-1.3702259	-0.687496	0.0512482	2.5036615	2.4074198
2021-05-11 13:00:00	3	mhs	n19	2	174	26	2.5	0.5320819	-0.3047018	0.0540912	1.7641431	1.7376299
2021-05-11 13:00:00	3	mhs	n19	3	174	4	-2.5	0.1679327	0.168631	0.2219422	1.2093862	1.197572
2021-05-11 13:00:00	3	mhs	n19	4	174	7	2.0	-0.1160503	-0.0394547	0.1230277	0.7263777	0.7253054
2021-05-11 13:00:00	3	mhs	n19	5	174	4	2.0	-0.6081203	-0.1712131	0.0832272	0.6838594	0.6620799
2021-05-11 14:00:00	1	mhs	n19	1	232	155	2.5	-1.3561079	-1.6292499	0.3808312	2.9825808	2.4982659
2021-05-11 14:00:00	1	mhs	n19	2	265	63	2.5	-0.5046878	-1.0485556	0.2093185	2.1396937	1.8651596
2021-05-11 14:00:00	1	mhs	n19	3	265	6	-2.5	0.1573172	-0.0612696	0.2075479	1.176099	1.1745019
2021-05-11 14:00:00	1	mhs	n19	4	265	14	2.0	0.0897153	0.0256095	0.200162	0.9312291	0.9308769
2021-05-11 14:00:00	1	mhs	n19	5	265	13	2.0	-0.7016004	-0.1919254	0.1391277	0.8362463	0.8139241
2021-05-11 14:00:00	2	mhs	n19	1	274	109	2.5	-1.4666744	-1.0426946	0.2536709	2.5933823	2.3745357
2021-05-11 14:00:00	2	mhs	n19	2	307	35	2.5	-0.4938458	-0.6450481	0.1389217	1.9156025	1.8037311
2021-05-11 14:00:00	2	mhs	n19	3	307	3	-2.5	0.1487927	-0.0534219	0.192662	1.1374622	1.136207
2021-05-11 14:00:00	2	mhs	n19	4	307	8	2.0	0.1175606	0.0319122	0.1620723	0.8376604	0.8370523
2021-05-11 14:00:00	2	mhs	n19	5	307	5	2.0	-0.7264283	-0.1179565	0.1115103	0.7616674	0.7524782
2021-05-11 14:00:00	3	mhs	n19	1	286	101	2.5	-1.264998	-0.7976226	0.1728866	2.4084416	2.2725292
2021-05-11 14:00:00	3	mhs	n19	2	317	30	2.5	-0.4005406	-0.6001239	0.1236493	1.8082236	1.7057326
2021-05-11 14:00:00	3	mhs	n19	3	317	2	-2.5	0.1587268	-0.0451453	0.2050052	1.169896	1.1690246
2021-05-11 14:00:00	3	mhs	n19	4	317	8	2.0	0.1050608	0.037909	0.1420453	0.7786582	0.7777349
2021-05-11 14:00:00	3	mhs	n19	5	317	11	2.0	-0.7322017	-0.0948566	0.0941053	0.7027145	0.6962829
2021-05-11 15:00:00	1	mhs	n19	1	81	105	2.5	-2.0625126	-0.9700841	0.1457379	3.0720849	2.9149001
2021-05-11 15:00:00	1	mhs	n19	2	87	75	2.5	-0.1059978	-1.1014323	0.1729075	2.5298623	2.2775096
2021-05-11 15:00:00	1	mhs	n19	3	87	3	-2.5	0.1077942	0.0880001	0.223649	1.238272	1.2351411
2021-05-11 15:00:00	1	mhs	n19	4	87	13	2.0	0.0819107	0.0643786	0.1684856	0.8617846	0.8593766
2021-05-11 15:00:00	1	mhs	n19	5	87	11	2.0	-0.6460226	0.0588394	0.101809	0.7584192	0.7561333
2021-05-11 15:00:00	1	mhs	metop-b	1	137	27	2.5	0.9170257	-1.2905027	0.5990613	2.8385365	2.5282192
2021-05-11 15:00:00	1	mhs	metop-b	2	149	19	2.5	0.6009915	-0.578387	0.4874042	2.1087913	2.0279224
2021-05-11 15:00:00	1	mhs	metop-b	3	149	1	2.5	-0.0349065	-0.1967576	0.1219059	0.8998316	0.8780566
2021-05-11 15:00:00	1	mhs	metop-b	4	149	0	2.0	-0.1644671	0.1497569	0.1812876	0.8693565	0.8563607
2021-05-11 15:00:00	1	mhs	metop-b	5	149	1	2.0	-0.4474536	0.1971388	0.1688847	0.8481792	0.8249511
2021-05-11 15:00:00	2	mhs	n19	1	108	106	2.5	-2.2878478	-1.0212947	0.0806481	2.793243	2.5998392
2021-05-11 15:00:00	2	mhs	n19	2	118	78	2.5	-0.3311334	-1.1922846	0.0962426	2.5185558	2.2184636
2021-05-11 15:00:00	2	mhs	n19	3	118	4	-2.5	0.0954415	0.0808473	0.2115882	1.2085644	1.2058572
2021-05-11 15:00:00	2	mhs	n19	4	118	5	2.0	-0.1374316	-0.0876336	0.1529527	0.8517295	0.8472093
2021-05-11 15:00:00	2	mhs	n19	5	118	6	2.0	-0.7010373	0.0265539	0.0778549	0.7890894	0.7886425
2021-05-11 15:00:00	2	mhs	metop-b	1	177	25	2.5	0.7867605	-0.4856573	0.3552306	2.2091834	2.15514
2021-05-11 15:00:00	2	mhs	metop-b	2	190	13	2.5	0.4908389	-0.2506577	0.3032905	1.6792807	1.6604681
2021-05-11 15:00:00	2	mhs	metop-b	3	190	0	2.5	-0.0276172	-0.0502465	0.1087932	0.8398049	0.8383003
2021-05-11 15:00:00	2	mhs	metop-b	4	190	0	2.0	-0.1827213	0.0434131	0.1312224	0.7415887	0.7403169
2021-05-11 15:00:00	2	mhs	metop-b	5	190	0	2.0	-0.3772063	0.0697035	0.1425186	0.7791216	0.7759973
2021-05-11 15:00:00	3	mhs	n19	1	121	120	2.5	-2.4512946	-1.1305941	0.0819076	2.8700732	2.6380063
2021-05-11 15:00:00	3	mhs	n19	2	131	87	2.5	-0.3760971	-1.0699192	0.0875449	2.4021104	2.150676
2021-05-11 15:00:00	3	mhs	n19	3	131	3	-2.5	0.1077196	0.084855	0.208367	1.1931516	1.1901304
2021-05-11 15:00:00	3	mhs	n19	4	131	12	2.0	-0.1354742	0.059179	0.1294369	0.7662211	0.7639323
2021-05-11 15:00:00	3	mhs	n19	5	131	13	2.0	-0.6751309	0.0211304	0.0691434	0.7800336	0.7797473
2021-05-11 15:00:00	3	mhs	metop-b	1	183	25	2.5	0.8046803	-0.3211894	0.271341	1.9682631	1.9418797
2021-05-11 15:00:00	3	mhs	metop-b	2	196	13	2.5	0.5280647	-0.1085291	0.2357243	1.4958094	1.491867
2021-05-11 15:00:00	3	mhs	metop-b	3	196	0	2.5	0.0377011	0.0053061	0.0902809	0.7630213	0.7630029
2021-05-11 15:00:00	3	mhs	metop-b	4	196	0	2.0	-0.1938876	-0.0015445	0.1178527	0.7022833	0.7022816
2021-05-11 15:00:00	3	mhs	metop-b	5	196	0	2.0	-0.4031981	0.0338412	0.1249734	0.7291888	0.7284031
2021-05-11 16:00:00	1	mhs	metop-a	1	2	9	-2.5	1.2910436	1.2910436	0.1602202	1.3052694	0.192184
2021-05-11 16:00:00	1	mhs	metop-a	2	2	32	-2.5	1.9033341	1.9033341	0.960229	2.4992026	1.6196706
2021-05-11 16:00:00	1	mhs	metop-a	3	2	0	-2.5	0.6726793	0.6726793	0.1288926	0.8976069	0.5943069
2021-05-11 16:00:00	1	mhs	metop-a	4	2	0	-2.0	0.3991027	0.3991027	0.04097	0.4048588	0.0680274
2021-05-11 16:00:00	1	mhs	metop-a	5	2	0	-2.0	-0.1227354	-0.1227354	0.1838434	0.8576205	0.8487926
2021-05-11 16:00:00	1	mhs	n19	1	55	27	2.5	2.4433635	0.9655897	0.5615169	2.9320723	2.7685166
2021-05-11 16:00:00	1	mhs	n19	2	57	15	2.5	1.4544294	0.1908414	0.695404	2.4539074	2.4464752
2021-05-11 16:00:00	1	mhs	n19	3	57	1	-2.5	-0.0361618	-0.1567588	0.1676715	1.0447368	1.0329094
2021-05-11 16:00:00	1	mhs	n19	4	57	0	2.0	-0.4685408	0.0912074	0.209471	0.9279703	0.9234772
2021-05-11 16:00:00	1	mhs	n19	5	57	2	2.0	-0.8479954	0.1698119	0.1363111	0.7496333	0.7301466
2021-05-11 16:00:00	2	mhs	metop-a	1	2	10	-2.5	0.1231611	0.1231611	0.0035644	0.1890209	0.1433884
2021-05-11 16:00:00	2	mhs	metop-a	2	2	33	-2.5	1.6950717	1.6950717	0.695375	2.1216146	1.2759235
2021-05-11 16:00:00	2	mhs	metop-a	3	2	0	-2.5	0.9908462	0.9908462	0.1607163	1.0022371	0.1506753
2021-05-11 16:00:00	2	mhs	metop-a	4	2	0	-2.0	0.514202	0.514202	0.2271114	0.9531248	0.802523
2021-05-11 16:00:00	2	mhs	metop-a	5	2	0	-2.0	0.2394415	0.2394415	0.6972675	1.670052	1.652798
2021-05-11 16:00:00	2	mhs	n19	1	58	18	2.5	2.0004751	0.053606	0.3677041	2.4850866	2.4845084
2021-05-11 16:00:00	2	mhs	n19	2	59	9	2.5	1.2476206	-0.0506965	0.6003752	2.377421	2.3768804
2021-05-11 16:00:00	2	mhs	n19	3	59	0	-2.5	0.2513431	0.1125875	0.1711659	1.0451462	1.0390643
2021-05-11 16:00:00	2	mhs	n19	4	59	1	2.0	-0.5088082	0.0019771	0.1570168	0.801314	0.8013115
2021-05-11 16:00:00	2	mhs	n19	5	59	1	2.0	-0.6954556	0.190514	0.0881713	0.6048557	0.5740686
2021-05-11 16:00:00	3	mhs	metop-a	1	2	10	-2.5	-0.0917506	-0.0917506	0.0009598	0.1031971	0.0472383
2021-05-11 16:00:00	3	mhs	metop-a	2	2	33	-2.5	1.6627651	1.6627651	0.6892929	2.1117426	1.3017946
2021-05-11 16:00:00	3	mhs	metop-a	3	2	0	-2.5	0.8417411	0.8417411	0.1159039	0.8511173	0.1259869
2021-05-11 16:00:00	3	mhs	metop-a	4	2	0	-2.0	0.387776	0.387776	0.2044447	0.9043116	0.8169512
2021-05-11 16:00:00	3	mhs	metop-a	5	2	0	-2.0	0.2628584	0.2628584	0.6731034	1.6408582	1.619667
2021-05-11 16:00:00	3	mhs	n19	1	58	18	2.5	2.235486	0.2627059	0.3415976	2.3511881	2.3364655
2021-05-11 16:00:00	3	mhs	n19	2	59	9	2.5	1.5516612	0.2516394	0.4640541	2.056416	2.0409616
2021-05-11 16:00:00	3	mhs	n19	3	59	0	-2.5	0.254379	0.1085318	0.1552109	0.994445	0.9885048
2021-05-11 16:00:00	3	mhs	n19	4	59	0	2.0	-0.572601	-0.0569857	0.1674351	0.8270115	0.8250459
2021-05-11 16:00:00	3	mhs	n19	5	59	0	2.0	-0.7206227	0.1373728	0.0753945	0.5587558	0.5416057
2021-05-11 17:00:00	1	mhs	n19	1	69	85	2.5	-0.6719386	-2.3991323	0.8720999	3.8515511	3.0130733
2021-05-11 17:00:00	1	mhs	n19	2	81	36	2.5	-0.4318317	-1.3627067	0.8665563	2.9032736	2.5635967
2021-05-11 17:00:00	1	mhs	n19	3	81	2	-2.5	0.2865751	-0.0095989	0.1867816	1.1171919	1.1171506
2021-05-11 17:00:00	1	mhs	n19	4	81	2	2.0	-0.2526868	-0.4466397	0.2690638	1.0779617	0.9810782
2021-05-11 17:00:00	1	mhs	n19	5	81	3	2.0	-0.8991567	-0.3074517	0.1400409	0.8223862	0.7627532
2021-05-11 17:00:00	1	mhs	metop-b	1	732	89	2.5	-0.7038241	-0.6697866	0.1565156	2.5192888	2.4286214
2021-05-11 17:00:00	1	mhs	metop-b	2	780	26	2.5	0.3718681	0.1999773	0.1044557	1.7398532	1.7283224
2021-05-11 17:00:00	1	mhs	metop-b	3	780	8	2.5	-0.1497142	-0.0081774	0.1395536	0.9565322	0.9564973
2021-05-11 17:00:00	1	mhs	metop-b	4	780	7	2.0	-0.1861128	0.016013	0.1743697	0.8543345	0.8541844
2021-05-11 17:00:00	1	mhs	metop-b	5	780	10	2.0	-0.1765948	0.0467425	0.1580966	0.9034681	0.9022582
2021-05-11 17:00:00	2	mhs	n19	1	70	72	2.5	0.2044148	-1.492221	0.4098692	2.6577027	2.1992409
2021-05-11 17:00:00	2	mhs	n19	2	80	30	2.5	0.637151	-0.2924579	0.4552983	2.1997181	2.1801899
2021-05-11 17:00:00	2	mhs	n19	3	80	1	-2.5	0.4148937	0.1011131	0.1638203	1.0287328	1.0237516
2021-05-11 17:00:00	2	mhs	n19	4	80	6	2.0	-0.3529623	-0.4061192	0.2040601	0.9366523	0.8440289
2021-05-11 17:00:00	2	mhs	n19	5	80	4	2.0	-0.9583699	-0.2617447	0.1161046	0.7291101	0.6805081
2021-05-11 17:00:00	2	mhs	metop-b	1	736	82	2.5	-0.8104365	-0.2854626	0.123684	2.3531601	2.3357811
2021-05-11 17:00:00	2	mhs	metop-b	2	782	30	2.5	0.4222918	0.2372227	0.0871288	1.7103803	1.6938495
2021-05-11 17:00:00	2	mhs	metop-b	3	782	5	2.5	-0.1452908	-0.0645998	0.1010197	0.8172845	0.8147274
2021-05-11 17:00:00	2	mhs	metop-b	4	782	5	2.0	-0.2338273	-0.0353496	0.1059979	0.6739677	0.67304
2021-05-11 17:00:00	2	mhs	metop-b	5	782	5	2.0	-0.2474096	-0.0258777	0.1149106	0.7996217	0.7992029
2021-05-11 17:00:00	3	mhs	n19	1	73	69	2.5	1.0559249	-0.8094488	0.2576166	2.0793585	1.9153393
2021-05-11 17:00:00	3	mhs	n19	2	82	29	2.5	1.3956429	0.1210205	0.3891127	1.9636483	1.9599155
2021-05-11 17:00:00	3	mhs	n19	3	82	2	-2.5	0.3499208	0.0387387	0.1902325	1.1025985	1.1019178
2021-05-11 17:00:00	3	mhs	n19	4	82	7	2.0	-0.3570675	-0.3344601	0.1686472	0.8502491	0.7817033
2021-05-11 17:00:00	3	mhs	n19	5	82	5	2.0	-0.9383	-0.2259413	0.1090597	0.7071484	0.6700817
2021-05-11 17:00:00	3	mhs	metop-b	1	680	82	2.5	-0.8582446	-0.3263848	0.117451	2.3177555	2.2946597
2021-05-11 17:00:00	3	mhs	metop-b	2	724	35	2.5	0.4244365	0.1128318	0.084083	1.6506062	1.6467452
2021-05-11 17:00:00	3	mhs	metop-b	3	724	9	2.5	-0.1550129	-0.0426277	0.0889657	0.7652868	0.7640987
2021-05-11 17:00:00	3	mhs	metop-b	4	724	8	2.0	-0.2531445	-0.0210945	0.0879294	0.6140516	0.6136891
2021-05-11 17:00:00	3	mhs	metop-b	5	724	5	2.0	-0.2589877	-0.0143063	0.1026556	0.7539398	0.7538041
2021-05-11 18:00:00	1	mhs	metop-b	1	588	173	2.5	0.3194875	0.7896953	0.2722634	2.958533	2.8511925
2021-05-11 18:00:00	1	mhs	metop-b	2	649	129	2.5	1.1887736	0.449093	0.2398789	2.4262933	2.3843688
2021-05-11 18:00:00	1	mhs	metop-b	3	649	11	2.5	0.0038553	0.0120775	0.1186495	0.8915576	0.8914758
2021-05-11 18:00:00	1	mhs	metop-b	4	649	12	2.0	-0.4674937	-0.2128076	0.1531537	0.8305025	0.8027747
2021-05-11 18:00:00	1	mhs	metop-b	5	649	10	2.0	-0.0889222	-0.1895774	0.09313	0.9169347	0.897123
2021-05-11 18:00:00	2	mhs	metop-b	1	709	157	2.5	0.6484903	0.357083	0.1715973	2.6793505	2.6554492
2021-05-11 18:00:00	2	mhs	metop-b	2	764	115	2.5	1.1617157	0.2683591	0.1972444	2.2927698	2.2770105
2021-05-11 18:00:00	2	mhs	metop-b	3	764	14	2.5	0.0418989	-0.0139255	0.0811417	0.7354187	0.7352868
2021-05-11 18:00:00	2	mhs	metop-b	4	764	19	2.0	-0.3019796	-0.0603164	0.1089761	0.6921941	0.6895612
2021-05-11 18:00:00	2	mhs	metop-b	5	764	19	2.0	-0.0468133	-0.069248	0.0789682	0.8351282	0.8322523
2021-05-11 18:00:00	3	mhs	metop-b	1	720	155	2.5	0.6849272	0.2946961	0.1534743	2.5898538	2.5730326
2021-05-11 18:00:00	3	mhs	metop-b	2	773	111	2.5	1.1342947	0.2102887	0.179558	2.2415472	2.2316614
2021-05-11 18:00:00	3	mhs	metop-b	3	773	8	2.5	0.0586552	0.0285602	0.0691687	0.6789604	0.6783595
2021-05-11 18:00:00	3	mhs	metop-b	4	773	8	2.0	-0.2874642	-0.0177782	0.0944615	0.6453298	0.6450848
2021-05-11 18:00:00	3	mhs	metop-b	5	773	13	2.0	-0.0542431	-0.0231749	0.0726431	0.820686	0.8203587
2021-05-11 20:00:00	1	mhs	metop-b	1	151	23	2.5	1.3761814	-0.4980231	0.411473	2.3821779	2.3295374
2021-05-11 20:00:00	1	mhs	metop-b	2	166	3	2.5	0.5877053	-0.2028561	0.3077709	1.601206	1.5883042
2021-05-11 20:00:00	1	mhs	metop-b	3	166	2	2.5	-0.1216819	0.033318	0.1094449	0.8355649	0.8349003
2021-05-11 20:00:00	1	mhs	metop-b	4	166	1	2.0	-0.3186658	-0.2554139	0.1799553	0.8674316	0.8289761
2021-05-11 20:00:00	1	mhs	metop-b	5	166	0	2.0	-0.5300701	-0.2769308	0.1443188	0.781779	0.7310866
2021-05-11 20:00:00	2	mhs	metop-b	1	166	19	2.5	1.5788465	0.0168306	0.3243292	2.1795459	2.179481
2021-05-11 20:00:00	2	mhs	metop-b	2	176	4	2.5	0.7795948	-0.0292782	0.197587	1.3218626	1.3215383
2021-05-11 20:00:00	2	mhs	metop-b	3	176	3	2.5	0.1371898	0.1312072	0.0802605	0.7183426	0.7062583
2021-05-11 20:00:00	2	mhs	metop-b	4	176	2	2.0	-0.0182138	0.0097318	0.1066618	0.6697142	0.6696435
2021-05-11 20:00:00	2	mhs	metop-b	5	176	1	2.0	-0.3120775	-0.039791	0.1112057	0.6975022	0.6963663
2021-05-11 20:00:00	3	mhs	metop-b	1	169	18	2.5	1.4977056	-0.0541859	0.30777	2.1283703	2.1276804
2021-05-11 20:00:00	3	mhs	metop-b	2	178	3	2.5	0.7115913	-0.0589982	0.1787103	1.2609913	1.2596104
2021-05-11 20:00:00	3	mhs	metop-b	3	178	1	2.5	0.1589482	0.1470961	0.0729943	0.6856559	0.6696915
2021-05-11 20:00:00	3	mhs	metop-b	4	178	1	2.0	0.0111435	0.0409658	0.1004325	0.650388	0.6490966
2021-05-11 20:00:00	3	mhs	metop-b	5	178	1	2.0	-0.27337	-0.010879	0.110099	0.6985438	0.6984591
2021-05-11 23:00:00	1	mhs	n19	1	72	36	2.5	-0.2291231	-1.6914769	0.5598912	3.2408547	2.7644249
2021-05-11 23:00:00	1	mhs	n19	2	79	21	2.5	0.4616164	-0.7162377	0.6514473	2.704	2.6074163
2021-05-11 23:00:00	1	mhs	n19	3	79	0	-2.5	0.2096035	0.2033539	0.1767126	1.0758395	1.0564459
2021-05-11 23:00:00	1	mhs	n19	4	79	4	2.0	-0.1738351	0.1185871	0.2022546	0.9220535	0.9143958
2021-05-11 23:00:00	1	mhs	n19	5	79	3	2.0	-0.4354147	0.1882201	0.1601234	0.862621	0.8418362
2021-05-11 23:00:00	2	mhs	n19	1	69	25	2.5	0.444723	-0.5776071	0.2938664	2.4083847	2.3380947
2021-05-11 23:00:00	2	mhs	n19	2	77	10	2.5	1.2013883	0.0648491	0.4295722	2.202504	2.2015491
2021-05-11 23:00:00	2	mhs	n19	3	77	0	-2.5	0.0860626	0.0586493	0.1552407	1.0303022	1.0286316
2021-05-11 23:00:00	2	mhs	n19	4	77	2	2.0	-0.2589195	0.037072	0.1237462	0.7169046	0.7159454
2021-05-11 23:00:00	2	mhs	n19	5	77	3	2.0	-0.4684555	0.0922285	0.1054448	0.6944182	0.6882663
2021-05-11 23:00:00	3	mhs	n19	1	71	24	2.5	0.821048	-0.377799	0.2816868	2.2905184	2.2591464
2021-05-11 23:00:00	3	mhs	n19	2	75	9	2.5	1.3838436	0.0959424	0.3222716	1.9407414	1.9383685
2021-05-11 23:00:00	3	mhs	n19	3	75	0	-2.5	0.1444729	0.123105	0.1560363	1.0073916	0.9998415
2021-05-11 23:00:00	3	mhs	n19	4	75	1	2.0	-0.2931616	-0.0264554	0.121898	0.7098486	0.7093554
2021-05-11 23:00:00	3	mhs	n19	5	75	2	2.0	-0.4918813	0.0762481	0.1039365	0.6857204	0.6814681
2021-05-12 00:00:00	1	mhs	metop-a	1	11	24	-2.5	0.9665758	0.9665758	0.2190304	2.1438714	1.9136133
2021-05-12 00:00:00	1	mhs	metop-a	2	11	250	-2.5	0.8433323	0.8433323	0.8670188	3.2271271	3.1149864
2021-05-12 00:00:00	1	mhs	metop-a	3	11	0	-2.5	0.1990168	0.1990168	0.2089831	1.1467904	1.1293894
2021-05-12 00:00:00	1	mhs	metop-a	4	11	0	-2.0	0.0149401	0.0149401	0.0519204	0.4573262	0.4570821
2021-05-12 00:00:00	1	mhs	metop-a	5	11	0	-2.0	-0.2364401	-0.2364401	0.1738737	0.8743225	0.8417458
2021-05-12 00:00:00	1	mhs	n19	1	158	71	2.5	-0.9045197	-1.1351585	0.095014	2.7523598	2.5073691
2021-05-12 00:00:00	1	mhs	n19	2	167	33	2.5	0.4178483	-0.7670269	0.1282793	2.044334	1.8949859
2021-05-12 00:00:00	1	mhs	n19	3	167	3	-2.5	0.0176544	-0.0203156	0.2037371	1.1707786	1.1706023
2021-05-12 00:00:00	1	mhs	n19	4	167	9	2.0	-0.0124204	0.1924401	0.2154242	0.9524473	0.9328036
2021-05-12 00:00:00	1	mhs	n19	5	167	7	2.0	-0.3406079	-0.0093046	0.1230076	0.8777065	0.8776572
2021-05-12 00:00:00	2	mhs	metop-a	1	11	25	-2.5	1.1729174	1.1729174	0.211556	2.1204192	1.7664773
2021-05-12 00:00:00	2	mhs	metop-a	2	11	250	-2.5	0.9890604	0.9890604	0.8373921	3.1872554	3.0299103
2021-05-12 00:00:00	2	mhs	metop-a	3	11	0	-2.5	0.0123427	0.0123427	0.2212577	1.1797348	1.1796702
2021-05-12 00:00:00	2	mhs	metop-a	4	11	0	-2.0	0.1655516	0.1655516	0.1123533	0.6727552	0.6520676
2021-05-12 00:00:00	2	mhs	metop-a	5	11	1	-2.0	-0.0752792	-0.0752792	0.1411898	0.7785349	0.7748869
2021-05-12 00:00:00	2	mhs	n19	1	174	54	2.5	-1.0256983	-0.6894584	0.0761246	2.5792948	2.4854393
2021-05-12 00:00:00	2	mhs	n19	2	183	23	2.5	0.4398998	-0.2254379	0.1050516	1.9210853	1.9078119
2021-05-12 00:00:00	2	mhs	n19	3	183	7	-2.5	0.0042992	-0.0278838	0.1915271	1.1288863	1.1285418
2021-05-12 00:00:00	2	mhs	n19	4	183	6	2.0	0.045935	0.0946692	0.1656059	0.8401406	0.8347897
2021-05-12 00:00:00	2	mhs	n19	5	183	6	2.0	-0.3112623	-0.0124548	0.1018884	0.8145124	0.8144172
2021-05-12 00:00:00	3	mhs	metop-a	1	10	25	-2.5	1.4429943	1.4429943	0.2473598	2.2669568	1.748388
2021-05-12 00:00:00	3	mhs	metop-a	2	10	250	-2.5	1.2039628	1.2039628	0.9328569	3.3546704	3.1311798
2021-05-12 00:00:00	3	mhs	metop-a	3	10	0	-2.5	0.1611506	0.1611506	0.1547255	0.9864222	0.9731697
2021-05-12 00:00:00	3	mhs	metop-a	4	10	0	-2.0	0.1757155	0.1757155	0.0930285	0.6118139	0.5860378
2021-05-12 00:00:00	3	mhs	metop-a	5	10	1	-2.0	-0.0538411	-0.0538411	0.1394692	0.7721941	0.7703148
2021-05-12 00:00:00	3	mhs	n19	1	166	47	2.5	-1.0819356	-0.5274085	0.0752323	2.5399823	2.4846228
2021-05-12 00:00:00	3	mhs	n19	2	173	22	2.5	0.4089024	-0.2412407	0.0995121	1.8698805	1.8542535
2021-05-12 00:00:00	3	mhs	n19	3	173	4	-2.5	0.023852	-0.0166843	0.1894831	1.120306	1.1201817
2021-05-12 00:00:00	3	mhs	n19	4	173	2	2.0	-0.0339219	0.0610796	0.1340694	0.7559728	0.7535013
2021-05-12 00:00:00	3	mhs	n19	5	173	4	2.0	-0.3449285	-0.0372001	0.0870178	0.7566057	0.7556907
2021-05-12 01:00:00	1	mhs	metop-a	1	8	27	-2.5	0.5622731	0.5622731	0.092224	2.1034906	2.0269488
2021-05-12 01:00:00	1	mhs	metop-a	2	8	255	-2.5	0.0781845	0.0781845	0.8217382	3.4092786	3.408382
2021-05-12 01:00:00	1	mhs	metop-a	3	8	1	-2.5	-0.4124945	-0.4124945	0.1145124	0.8615989	0.7564397
2021-05-12 01:00:00	1	mhs	metop-a	4	8	0	-2.0	0.1935941	0.1935941	0.1135851	0.6805322	0.652415
2021-05-12 01:00:00	1	mhs	metop-a	5	8	0	-2.0	-0.2236651	-0.2236651	0.1500444	0.8384412	0.8080579
2021-05-12 01:00:00	1	mhs	n19	1	137	51	2.5	-0.6038913	0.0550127	0.0656752	2.584323	2.5837374
2021-05-12 01:00:00	1	mhs	n19	2	149	25	2.5	1.0558613	0.3858298	0.1137904	2.104425	2.0687532
2021-05-12 01:00:00	1	mhs	n19	3	149	4	-2.5	-0.1545232	-0.1596208	0.2023269	1.1705168	1.1595822
2021-05-12 01:00:00	1	mhs	n19	4	149	7	2.0	-0.2058562	-0.1138644	0.1662727	0.8580499	0.8504613
2021-05-12 01:00:00	1	mhs	n19	5	149	5	2.0	-0.2966918	0.0154244	0.1369244	0.9131909	0.9130606
2021-05-12 01:00:00	2	mhs	metop-a	1	9	25	-2.5	0.8382643	0.8382643	0.0932705	1.9088788	1.7149727
2021-05-12 01:00:00	2	mhs	metop-a	2	9	256	-2.5	0.0688937	0.0688937	0.786348	3.2928369	3.2921161
2021-05-12 01:00:00	2	mhs	metop-a	3	9	0	-2.5	-0.3420533	-0.3420533	0.0909496	0.7561379	0.6743471
2021-05-12 01:00:00	2	mhs	metop-a	4	9	0	-2.0	0.1307663	0.1307663	0.094507	0.6229428	0.6090631
2021-05-12 01:00:00	2	mhs	metop-a	5	9	0	-2.0	-0.0596997	-0.0596997	0.1842336	0.9438992	0.9420094
2021-05-12 01:00:00	2	mhs	n19	1	114	49	2.5	-0.8765159	-0.2203436	0.0729818	2.3801041	2.3698827
2021-05-12 01:00:00	2	mhs	n19	2	127	25	2.5	1.0379401	0.1674101	0.0946626	1.824765	1.8170694
2021-05-12 01:00:00	2	mhs	n19	3	127	3	-2.5	-0.0860543	-0.0907526	0.1744454	1.0906622	1.08688
2021-05-12 01:00:00	2	mhs	n19	4	127	9	2.0	-0.0929906	-0.0972649	0.1404371	0.7720855	0.7659344
2021-05-12 01:00:00	2	mhs	n19	5	127	9	2.0	-0.3240872	-0.0425428	0.1172242	0.8428133	0.8417389
2021-05-12 01:00:00	3	mhs	metop-a	1	9	27	-2.5	0.8917089	0.8917089	0.0834547	1.8964044	1.6736801
2021-05-12 01:00:00	3	mhs	metop-a	2	9	257	-2.5	0.0783092	0.0783092	0.7499534	3.229971	3.2290216
2021-05-12 01:00:00	3	mhs	metop-a	3	9	0	-2.5	-0.3229614	-0.3229614	0.0760936	0.6927985	0.6129157
2021-05-12 01:00:00	3	mhs	metop-a	4	9	1	-2.0	0.1148624	0.1148624	0.0991514	0.6378759	0.627449
2021-05-12 01:00:00	3	mhs	metop-a	5	9	0	-2.0	-0.0620765	-0.0620765	0.1633916	0.8932872	0.8911277
2021-05-12 01:00:00	3	mhs	n19	1	119	45	2.5	-0.8234106	-0.0153234	0.0686797	2.4808663	2.4808189
2021-05-12 01:00:00	3	mhs	n19	2	130	27	2.5	1.0240324	0.2720999	0.0851755	1.8527668	1.8326774
2021-05-12 01:00:00	3	mhs	n19	3	130	3	-2.5	-0.0660474	-0.07259	0.1814337	1.1062054	1.1038212
2021-05-12 01:00:00	3	mhs	n19	4	130	5	2.0	-0.0901233	-0.0355845	0.1212166	0.7143747	0.7134878
2021-05-12 01:00:00	3	mhs	n19	5	130	5	2.0	-0.3137128	-0.0424459	0.1061318	0.8017675	0.8006432
2021-05-12 02:00:00	1	mhs	n19	1	68	57	2.5	0.5899151	0.0574624	0.415259	2.7474392	2.7468382
2021-05-12 02:00:00	1	mhs	n19	2	73	75	2.5	0.7449545	-0.6322236	0.3535659	2.0302865	1.929341
2021-05-12 02:00:00	1	mhs	n19	3	73	4	-2.5	0.1604791	0.1173859	0.1621798	1.0567772	1.0502374
2021-05-12 02:00:00	1	mhs	n19	4	73	4	2.0	-0.1021575	-0.0784976	0.1877585	0.8960058	0.8925607
2021-05-12 02:00:00	1	mhs	n19	5	73	5	2.0	-0.3510282	0.1989052	0.1593813	0.888779	0.866236
2021-05-12 02:00:00	1	mhs	metop-b	1	297	34	2.5	0.8970436	-0.208137	0.2794912	2.4355059	2.426596
2021-05-12 02:00:00	1	mhs	metop-b	2	311	19	2.5	1.1789907	0.3600031	0.2652152	1.8536254	1.8183303
2021-05-12 02:00:00	1	mhs	metop-b	3	311	2	2.5	0.0009828	-0.0356528	0.1338954	0.9320983	0.9314162
2021-05-12 02:00:00	1	mhs	metop-b	4	311	2	2.0	-0.2140619	-0.1029711	0.182621	0.8712163	0.8651097
2021-05-12 02:00:00	1	mhs	metop-b	5	311	0	2.0	-0.3116109	-0.0593962	0.159746	0.8442403	0.8421483
2021-05-12 02:00:00	2	mhs	n19	1	93	56	2.5	0.0040674	-0.4826312	0.2498564	2.4226489	2.3740882
2021-05-12 02:00:00	2	mhs	n19	2	99	72	2.5	0.3565659	-0.6401249	0.3601327	2.0292162	1.925606
2021-05-12 02:00:00	2	mhs	n19	3	99	4	-2.5	0.1419349	0.1127717	0.197501	1.1461917	1.1406305
2021-05-12 02:00:00	2	mhs	n19	4	99	5	2.0	-0.0771916	-0.0658787	0.1714538	0.8580752	0.8555425
2021-05-12 02:00:00	2	mhs	n19	5	99	4	2.0	-0.3594851	0.0480537	0.1321543	0.8505761	0.8492177
2021-05-12 02:00:00	2	mhs	metop-b	1	335	29	2.5	0.8005186	-0.3326947	0.21755	2.145005	2.1190471
2021-05-12 02:00:00	2	mhs	metop-b	2	348	16	2.5	1.1698047	0.2717813	0.1932956	1.6028835	1.5796742
2021-05-12 02:00:00	2	mhs	metop-b	3	348	4	2.5	0.0255185	-0.0318676	0.0950814	0.7849835	0.7843364
2021-05-12 02:00:00	2	mhs	metop-b	4	348	3	2.0	-0.1183729	-0.0170472	0.1178793	0.7060669	0.7058611
2021-05-12 02:00:00	2	mhs	metop-b	5	348	3	2.0	-0.1469662	0.067048	0.1466578	0.802099	0.7992917
2021-05-12 02:00:00	3	mhs	n19	1	100	44	2.5	0.1357283	-0.3886111	0.3048655	2.5254404	2.4953618
2021-05-12 02:00:00	3	mhs	n19	2	104	56	2.5	0.2128605	-0.6493226	0.3805363	2.1025767	1.9998022
2021-05-12 02:00:00	3	mhs	n19	3	104	3	-2.5	0.0429151	0.016465	0.1893923	1.1112624	1.1111404
2021-05-12 02:00:00	3	mhs	n19	4	104	3	2.0	-0.0835361	0.0072223	0.1352528	0.7481578	0.748123
2021-05-12 02:00:00	3	mhs	n19	5	104	7	2.0	-0.3889454	0.146856	0.1104871	0.7693578	0.7552118
2021-05-12 02:00:00	3	mhs	metop-b	1	336	27	2.5	0.78042	-0.3263954	0.2091158	2.0983128	2.0727717
2021-05-12 02:00:00	3	mhs	metop-b	2	347	17	2.5	1.1269978	0.205418	0.1636434	1.5091182	1.4950723
2021-05-12 02:00:00	3	mhs	metop-b	3	347	2	2.5	0.0581844	-0.0037723	0.0839938	0.7368682	0.7368586
2021-05-12 02:00:00	3	mhs	metop-b	4	347	2	2.0	-0.115226	-0.0153716	0.1024788	0.6579138	0.6577342
2021-05-12 02:00:00	3	mhs	metop-b	5	347	2	2.0	-0.1434394	0.0642821	0.1360639	0.7706417	0.767956
2021-05-12 03:00:00	1	mhs	metop-a	1	12	70	-2.5	-0.3822417	-0.3822417	0.0427294	1.4952928	1.4456112
2021-05-12 03:00:00	1	mhs	metop-a	2	14	824	-2.5	0.9567479	0.9567479	0.2858952	3.4022229	3.2649279
2021-05-12 03:00:00	1	mhs	metop-a	3	14	2	-2.5	0.5073657	0.5073657	0.1259977	0.9102792	0.75577
2021-05-12 03:00:00	1	mhs	metop-a	4	14	2	-2.0	-0.3302476	-0.3302476	0.1068243	0.6648589	0.5770389
2021-05-12 03:00:00	1	mhs	metop-a	5	14	2	-2.0	-0.5785479	-0.5785479	0.1007228	0.8205421	0.5818692
2021-05-12 03:00:00	1	mhs	n19	1	85	68	2.5	0.7442675	-0.2546787	0.4478983	2.7460119	2.7341763
2021-05-12 03:00:00	1	mhs	n19	2	91	70	2.5	0.6897533	-0.27079	0.5459201	2.6366623	2.6227201
2021-05-12 03:00:00	1	mhs	n19	3	91	1	-2.5	0.222778	0.1588967	0.2175887	1.1940444	1.1834247
2021-05-12 03:00:00	1	mhs	n19	4	91	1	2.0	-0.204219	-0.0882397	0.184244	0.8724605	0.8679868
2021-05-12 03:00:00	1	mhs	n19	5	91	2	2.0	-0.4793684	0.0877229	0.1655596	0.9213495	0.9171639
2021-05-12 03:00:00	2	mhs	metop-a	1	17	69	-2.5	-0.3603289	-0.3603289	0.1472343	1.6659186	1.6264833
2021-05-12 03:00:00	2	mhs	metop-a	2	19	827	-2.5	1.7161241	1.7161241	0.6942002	3.6112831	3.177465
2021-05-12 03:00:00	2	mhs	metop-a	3	19	3	-2.5	0.2226055	0.2226055	0.1274262	0.9069687	0.8792264
2021-05-12 03:00:00	2	mhs	metop-a	4	19	5	-2.0	-0.1873419	-0.1873419	0.1776728	0.8789701	0.8587732
2021-05-12 03:00:00	2	mhs	metop-a	5	19	3	-2.0	-0.3409715	-0.3409715	0.1472107	0.8937699	0.8261737
2021-05-12 03:00:00	2	mhs	n19	1	96	53	2.5	0.7745999	-0.0671289	0.3921095	2.6898369	2.6889991
2021-05-12 03:00:00	2	mhs	n19	2	101	54	2.5	0.6502792	0.1324388	0.4646723	2.4144568	2.4108218
2021-05-12 03:00:00	2	mhs	n19	3	101	2	-2.5	0.1345971	0.0831513	0.217629	1.1849364	1.1820153
2021-05-12 03:00:00	2	mhs	n19	4	101	2	2.0	-0.0990558	0.0085685	0.1481874	0.7805978	0.7805508
2021-05-12 03:00:00	2	mhs	n19	5	101	4	2.0	-0.3866873	0.1334362	0.1277099	0.800844	0.7896492
2021-05-12 03:00:00	3	mhs	metop-a	1	16	62	-2.5	-0.4613551	-0.4613551	0.1709844	1.6199607	1.5528761
2021-05-12 03:00:00	3	mhs	metop-a	2	18	826	-2.5	1.827278	1.827278	0.9480763	3.76017	3.2863252
2021-05-12 03:00:00	3	mhs	metop-a	3	18	2	-2.5	0.1800685	0.1800685	0.1221549	0.8872605	0.8687961
2021-05-12 03:00:00	3	mhs	metop-a	4	18	3	-2.0	-0.2268583	-0.2268583	0.2050474	0.9177055	0.8892237
2021-05-12 03:00:00	3	mhs	metop-a	5	18	3	-2.0	-0.3959466	-0.3959466	0.1738444	0.9131632	0.8228568
2021-05-12 03:00:00	3	mhs	n19	1	95	47	2.5	0.8196577	0.0690901	0.3029436	2.4540145	2.4530417
2021-05-12 03:00:00	3	mhs	n19	2	100	47	2.5	0.7920845	0.1886531	0.4092379	2.2565082	2.2486083
2021-05-12 03:00:00	3	mhs	n19	3	100	1	-2.5	0.1876835	0.125885	0.1934645	1.1160253	1.1089028
2021-05-12 03:00:00	3	mhs	n19	4	100	1	2.0	-0.1011551	0.0182871	0.1259399	0.7167072	0.7164738
2021-05-12 03:00:00	3	mhs	n19	5	100	5	2.0	-0.3932171	0.1187467	0.1138034	0.7763069	0.7671712
2021-05-12 04:00:00	1	mhs	metop-a	1	8	131	-2.5	0.9739537	0.9739537	0.1590742	2.248046	2.0261108
2021-05-12 04:00:00	1	mhs	metop-a	2	9	721	-2.5	1.4699636	1.4699636	1.1309196	4.022128	3.7438911
2021-05-12 04:00:00	1	mhs	metop-a	3	9	2	-2.5	-0.0471748	-0.0471748	0.0842104	0.7397633	0.7382576
2021-05-12 04:00:00	1	mhs	metop-a	4	9	3	-2.0	-0.2662727	-0.2662727	0.0442087	0.4276053	0.334582
2021-05-12 04:00:00	1	mhs	metop-a	5	9	5	-2.0	-0.425701	-0.425701	0.1942329	1.0899102	1.0033359
2021-05-12 04:00:00	1	mhs	n19	1	15	9	2.5	4.2486673	1.4972056	1.0272668	3.4647598	3.1245697
2021-05-12 04:00:00	1	mhs	n19	2	20	1	2.5	1.613016	0.3503483	0.4292458	1.8422572	1.808637
2021-05-12 04:00:00	1	mhs	n19	3	20	0	-2.5	0.0153019	0.1294122	0.1162752	0.8818069	0.8722591
2021-05-12 04:00:00	1	mhs	n19	4	20	0	2.0	0.042425	-0.356359	0.2675841	1.0942081	1.0345529
2021-05-12 04:00:00	1	mhs	n19	5	20	0	2.0	-0.1663674	0.0616401	0.1777384	0.8740128	0.8718365
2021-05-12 04:00:00	1	mhs	metop-b	1	433	109	2.5	-0.9328924	-1.5174929	0.4292057	2.9680719	2.5508167
2021-05-12 04:00:00	1	mhs	metop-b	2	479	49	2.5	-0.1599688	-0.8908737	0.1595549	1.8057262	1.5706658
2021-05-12 04:00:00	1	mhs	metop-b	3	479	8	2.5	-0.03005	0.0505258	0.1309911	0.9352278	0.933862
2021-05-12 04:00:00	1	mhs	metop-b	4	479	8	2.0	-0.3023305	-0.06219	0.1642619	0.8457195	0.8434298
2021-05-12 04:00:00	1	mhs	metop-b	5	479	12	2.0	-0.2486914	-0.0488925	0.1427263	0.8779391	0.8765767
2021-05-12 04:00:00	2	mhs	metop-a	1	9	125	-2.5	-0.2223944	-0.2223944	0.075973	1.7328739	1.7185437
2021-05-12 04:00:00	2	mhs	metop-a	2	10	722	-2.5	1.4934339	1.4934339	0.810412	3.6225842	3.3004198
2021-05-12 04:00:00	2	mhs	metop-a	3	10	3	-2.5	-0.0470028	-0.0470028	0.1444672	0.9800136	0.9788858
2021-05-12 04:00:00	2	mhs	metop-a	4	10	2	-2.0	0.0418007	0.0418007	0.0910158	0.6526169	0.6512769
2021-05-12 04:00:00	2	mhs	metop-a	5	10	4	-2.0	0.2101919	0.2101919	0.0603183	0.9672194	0.9441042
2021-05-12 04:00:00	2	mhs	n19	1	14	8	2.5	4.0308553	0.7824665	0.634754	2.6633986	2.5458669
2021-05-12 04:00:00	2	mhs	n19	2	18	2	2.5	1.7377354	0.4346512	0.2917783	1.4272959	1.3595043
2021-05-12 04:00:00	2	mhs	n19	3	18	0	-2.5	-0.0807527	0.0329689	0.1260746	0.9079874	0.9073886
2021-05-12 04:00:00	2	mhs	n19	4	18	0	2.0	-0.0698112	-0.2676768	0.1727038	0.8600475	0.8173315
2021-05-12 04:00:00	2	mhs	n19	5	18	0	2.0	-0.2912264	-0.0118716	0.1604943	0.8157809	0.8156945
2021-05-12 04:00:00	2	mhs	metop-b	1	469	75	2.5	-0.8808737	-0.9036352	0.2885285	2.5271523	2.3600725
2021-05-12 04:00:00	2	mhs	metop-b	2	509	25	2.5	-0.0163762	-0.4435439	0.1129395	1.6234513	1.5616859
2021-05-12 04:00:00	2	mhs	metop-b	3	509	7	2.5	0.0616607	0.0682022	0.0808424	0.7294914	0.7262962
2021-05-12 04:00:00	2	mhs	metop-b	4	509	8	2.0	-0.2443887	-0.0572061	0.1033095	0.6657402	0.6632779
2021-05-12 04:00:00	2	mhs	metop-b	5	509	4	2.0	-0.2060581	-0.0381155	0.115959	0.7890162	0.7880951
2021-05-12 04:00:00	3	mhs	metop-a	1	9	127	-2.5	-0.2396161	-0.2396161	0.062164	1.6565266	1.6391048
2021-05-12 04:00:00	3	mhs	metop-a	2	10	724	-2.5	1.5057455	1.5057455	0.7772101	3.6178907	3.28966
2021-05-12 04:00:00	3	mhs	metop-a	3	10	4	-2.5	-0.0137469	-0.0137469	0.1370563	0.9618301	0.9617318
2021-05-12 04:00:00	3	mhs	metop-a	4	10	5	-2.0	0.0837476	0.0837476	0.1129966	0.7237835	0.718922
2021-05-12 04:00:00	3	mhs	metop-a	5	10	3	-2.0	0.2763846	0.2763846	0.0526106	0.9370388	0.8953509
2021-05-12 04:00:00	3	mhs	n19	1	15	6	2.5	4.4882716	1.1717174	0.7234915	2.9041556	2.6572915
2021-05-12 04:00:00	3	mhs	n19	2	18	2	2.5	1.7756877	0.332659	0.2574261	1.3346228	1.2924999
2021-05-12 04:00:00	3	mhs	n19	3	18	0	-2.5	0.001907	0.1152112	0.1256875	0.9079653	0.9006261
2021-05-12 04:00:00	3	mhs	n19	4	18	0	2.0	-0.0258134	-0.2295789	0.1533046	0.8119813	0.7788499
2021-05-12 04:00:00	3	mhs	n19	5	18	0	2.0	-0.2814239	0.0054606	0.1553556	0.8019395	0.8019209
2021-05-12 04:00:00	3	mhs	metop-b	1	482	60	2.5	-0.8069683	-0.6924621	0.2738125	2.4313443	2.3306504
2021-05-12 04:00:00	3	mhs	metop-b	2	513	23	2.5	0.0361801	-0.3022991	0.09733	1.5589955	1.5294059
2021-05-12 04:00:00	3	mhs	metop-b	3	513	1	2.5	0.0953315	0.0890597	0.0723037	0.6906877	0.6849218
2021-05-12 04:00:00	3	mhs	metop-b	4	513	6	2.0	-0.2034001	-0.0307506	0.0880579	0.609695	0.608919
2021-05-12 04:00:00	3	mhs	metop-b	5	513	5	2.0	-0.1668155	-0.0041355	0.1110959	0.7627559	0.7627447
2021-05-12 05:00:00	1	mhs	metop-a	1	3	61	-2.5	0.9274033	0.9274033	0.0497938	0.9415583	0.1626499
2021-05-12 05:00:00	1	mhs	metop-a	2	3	327	-2.5	1.0089915	1.0089915	1.6614005	3.9739768	3.8437518
2021-05-12 05:00:00	1	mhs	metop-a	3	3	0	-2.5	-0.8068988	-0.8068988	0.144626	1.0313318	0.642308
2021-05-12 05:00:00	1	mhs	metop-a	4	3	1	-2.0	-0.6783994	-0.6783994	0.1475663	0.8377878	0.491592
2021-05-12 05:00:00	1	mhs	metop-a	5	3	3	-2.0	-0.6281606	-0.6281606	0.3659998	1.4038948	1.2555218
2021-05-12 05:00:00	2	mhs	metop-a	1	4	57	-2.5	0.4028518	0.4028518	0.0383332	1.0014242	0.9168211
2021-05-12 05:00:00	2	mhs	metop-a	2	4	328	-2.5	2.0845262	2.0845262	1.3046666	4.3692284	3.8399098
2021-05-12 05:00:00	2	mhs	metop-a	3	4	1	-2.5	0.2392643	0.2392643	0.2226621	1.2255019	1.2019183
2021-05-12 05:00:00	2	mhs	metop-a	4	4	1	-2.0	0.1377493	0.1377493	0.1271571	0.7694952	0.7570654
2021-05-12 05:00:00	2	mhs	metop-a	5	4	4	-2.0	0.1501846	0.1501846	0.1297122	1.0806401	1.0701531
2021-05-12 05:00:00	3	mhs	metop-a	1	4	53	-2.5	0.4176891	0.4176891	0.0351737	0.9156065	0.8147828
2021-05-12 05:00:00	3	mhs	metop-a	2	4	328	-2.5	2.1015135	2.1015135	1.3418176	4.4624192	3.9366009
2021-05-12 05:00:00	3	mhs	metop-a	3	4	1	-2.5	0.1869778	0.1869778	0.2138676	1.2022171	1.187588
2021-05-12 05:00:00	3	mhs	metop-a	4	4	1	-2.0	0.1130829	0.1130829	0.1280845	0.7739459	0.7656399
2021-05-12 05:00:00	3	mhs	metop-a	5	4	4	-2.0	0.1567404	0.1567404	0.1327949	1.0853561	1.0739788
2021-05-12 06:00:00	1	mhs	metop-b	1	376	135	2.5	0.6971817	0.4571379	0.3198537	2.7238068	2.685172
2021-05-12 06:00:00	1	mhs	metop-b	2	432	90	2.5	0.558063	-0.2927122	0.4163597	2.4544645	2.436948
2021-05-12 06:00:00	1	mhs	metop-b	3	432	10	2.5	0.2082346	0.0571374	0.1046836	0.8513199	0.8494003
2021-05-12 06:00:00	1	mhs	metop-b	4	432	9	2.0	-0.2344129	-0.1217913	0.134278	0.7809919	0.7714371
2021-05-12 06:00:00	1	mhs	metop-b	5	432	5	2.0	-0.0206511	0.031854	0.1149958	0.8498635	0.8492664
2021-05-12 06:00:00	2	mhs	metop-b	1	450	124	2.5	0.9649201	0.3634977	0.2857593	2.6488909	2.6238316
2021-05-12 06:00:00	2	mhs	metop-b	2	500	83	2.5	0.7385831	0.119289	0.2577358	2.1719217	2.1686433
2021-05-12 06:00:00	2	mhs	metop-b	3	500	11	2.5	0.2108695	0.0144357	0.0730928	0.7112554	0.7111089
2021-05-12 06:00:00	2	mhs	metop-b	4	500	11	2.0	-0.2160491	-0.0733568	0.0954896	0.6548539	0.6507322
2021-05-12 06:00:00	2	mhs	metop-b	5	500	9	2.0	0.0634474	0.0702843	0.0909488	0.7727014	0.7694982
2021-05-12 06:00:00	3	mhs	metop-b	1	477	132	2.5	1.0392878	0.349274	0.2485105	2.5483726	2.5243237
2021-05-12 06:00:00	3	mhs	metop-b	2	524	95	2.5	0.7606726	0.1036693	0.2264603	2.1084508	2.1059006
2021-05-12 06:00:00	3	mhs	metop-b	3	524	16	2.5	0.2247533	0.025126	0.0695778	0.6851857	0.6847248
2021-05-12 06:00:00	3	mhs	metop-b	4	524	22	2.0	-0.2024044	-0.0604342	0.0875555	0.6242013	0.6212689
2021-05-12 06:00:00	3	mhs	metop-b	5	524	17	2.0	0.0679642	0.0942663	0.0911502	0.7702852	0.7644954
2021-05-12 07:00:00	1	mhs	metop-b	1	1	4	2.5	4.7418139	1.9054989	0.262482	1.9054989	0.0
2021-05-12 07:00:00	1	mhs	metop-b	2	3	1	2.5	4.1435561	2.7981275	1.2385326	3.3929929	1.919084
2021-05-12 07:00:00	1	mhs	metop-b	3	3	0	2.5	-1.5316829	-1.5605407	0.3214796	1.580414	0.2498424
2021-05-12 07:00:00	1	mhs	metop-b	4	3	0	2.0	-0.7352775	-0.3085392	0.1007097	0.6661324	0.5903694
2021-05-12 07:00:00	1	mhs	metop-b	5	3	0	2.0	-0.1410358	0.4484126	0.1848929	0.9839726	0.8758586
2021-05-12 07:00:00	2	mhs	metop-b	1	1	5	2.5	3.973128	1.1432982	0.0959292	1.1432982	0.0
2021-05-12 07:00:00	2	mhs	metop-b	2	4	2	2.5	3.7558166	2.3602939	1.0068775	2.9877036	1.8317711
2021-05-12 07:00:00	2	mhs	metop-b	3	4	1	2.5	-0.8568039	-0.8652449	0.1214618	0.9630252	0.4228106
2021-05-12 07:00:00	2	mhs	metop-b	4	4	0	2.0	-0.9406293	-0.5077967	0.1874563	0.9873529	0.8467635
2021-05-12 07:00:00	2	mhs	metop-b	5	4	1	2.0	-0.2286019	0.3522432	0.1217574	0.7876757	0.7045266
2021-05-12 07:00:00	3	mhs	metop-b	1	1	5	2.5	3.8318669	1.0060743	0.0744763	1.0060743	0.0
2021-05-12 07:00:00	3	mhs	metop-b	2	4	2	2.5	3.2600898	1.874629	0.7589457	2.5138839	1.6749264
2021-05-12 07:00:00	3	mhs	metop-b	3	4	0	2.5	-0.7042309	-0.713735	0.1020781	0.8691063	0.4959114
2021-05-12 07:00:00	3	mhs	metop-b	4	4	0	2.0	-0.8667737	-0.4270777	0.1249402	0.7664317	0.6364135
2021-05-12 07:00:00	3	mhs	metop-b	5	4	1	2.0	-0.1713113	0.4066715	0.1349646	0.8005385	0.6895508
2021-05-12 11:00:00	1	mhs	n19	1	1	0	2.5	2.2677356	-1.8523268	0.2448926	1.8523268	0.0
2021-05-12 11:00:00	1	mhs	n19	2	1	0	2.5	2.4795168	0.6597942	0.0541355	0.6597942	0.0
2021-05-12 11:00:00	1	mhs	n19	3	1	0	-2.5	-2.0625585	-1.5922318	0.4051537	1.5922318	0.0
2021-05-12 11:00:00	1	mhs	n19	4	1	0	2.0	0.5274211	0.432978	0.0468123	0.432978	0.0
2021-05-12 11:00:00	1	mhs	n19	5	1	0	2.0	-1.1788233	-0.8921636	0.1987142	0.8921636	0.0
2021-05-12 11:00:00	2	mhs	n19	1	1	0	2.5	2.1187581	-1.7762472	0.2255317	1.7762472	0.0
2021-05-12 11:00:00	2	mhs	n19	2	1	0	2.5	2.3385463	0.4688971	0.0273887	0.4688971	0.0
2021-05-12 11:00:00	2	mhs	n19	3	1	0	-2.5	-2.0637786	-1.5934291	0.4058371	1.5934291	0.0
2021-05-12 11:00:00	2	mhs	n19	4	1	0	2.0	0.5312978	0.3981627	0.0395939	0.3981627	0.0
2021-05-12 11:00:00	2	mhs	n19	5	1	0	2.0	-1.1786318	-0.8080105	0.1630255	0.8080105	0.0
2021-05-12 11:00:00	3	mhs	n19	1	1	0	2.5	2.1293822	-1.7352984	0.2152648	1.7352984	0.0
2021-05-12 11:00:00	3	mhs	n19	2	1	0	2.5	2.3420668	0.4631413	0.0267245	0.4631413	0.0
2021-05-12 11:00:00	3	mhs	n19	3	1	0	-2.5	-2.0647444	-1.5943952	0.4063654	1.5943952	0.0
2021-05-12 11:00:00	3	mhs	n19	4	1	0	2.0	0.5315415	0.4020217	0.0403687	0.4020217	0.0
2021-05-12 11:00:00	3	mhs	n19	5	1	0	2.0	-1.1781655	-0.8149857	0.165867	0.8149857	0.0
2021-05-12 12:00:00	1	mhs	n19	1	46	28	2.5	-0.1515949	0.7974615	0.0213557	2.7095787	2.5895698
2021-05-12 12:00:00	1	mhs	n19	2	50	14	2.5	1.5822659	1.1110741	0.03989	2.2619327	1.9702421
2021-05-12 12:00:00	1	mhs	n19	3	50	2	-2.5	-0.0841175	-0.0675071	0.2014804	1.1726379	1.1706932
2021-05-12 12:00:00	1	mhs	n19	4	50	5	2.0	0.0229734	0.1006565	0.2183133	0.969642	0.9644034
2021-05-12 12:00:00	1	mhs	n19	5	50	7	2.0	-0.2704189	0.0847096	0.0899722	0.7943925	0.7898631
2021-05-12 12:00:00	2	mhs	n19	1	38	23	2.5	-0.5441337	0.1928732	0.0168427	2.378031	2.3701965
2021-05-12 12:00:00	2	mhs	n19	2	40	9	2.5	1.7858371	0.6444255	0.0229081	1.6940043	1.5666417
2021-05-12 12:00:00	2	mhs	n19	3	40	0	-2.5	0.0699802	0.0603157	0.1813259	1.085319	1.0836417
2021-05-12 12:00:00	2	mhs	n19	4	40	1	2.0	-0.0221063	0.1014158	0.1687636	0.8521954	0.8461393
2021-05-12 12:00:00	2	mhs	n19	5	40	0	2.0	-0.3359201	0.0224856	0.066457	0.6730885	0.6727128
2021-05-12 12:00:00	3	mhs	n19	1	42	23	2.5	-0.3393213	0.4541828	0.016785	2.4634424	2.4212118
2021-05-12 12:00:00	3	mhs	n19	2	47	8	2.5	1.6528881	0.7525723	0.0286436	2.0817072	1.9409122
2021-05-12 12:00:00	3	mhs	n19	3	47	1	-2.5	-0.0830664	-0.0786137	0.1987536	1.1606671	1.1580018
2021-05-12 12:00:00	3	mhs	n19	4	47	4	2.0	-0.0057824	0.0595752	0.1680855	0.8613079	0.8592451
2021-05-12 12:00:00	3	mhs	n19	5	47	2	2.0	-0.3126853	0.0384725	0.0660123	0.6817897	0.6807034
2021-05-12 13:00:00	1	mhs	n19	1	153	72	2.5	-1.1708352	-1.2510722	0.1404099	2.6137268	2.2948608
2021-05-12 13:00:00	1	mhs	n19	2	171	34	2.5	0.200072	-0.8129984	0.1747577	2.0731879	1.9071292
2021-05-12 13:00:00	1	mhs	n19	3	171	4	-2.5	-0.1021766	-0.080099	0.1931978	1.1542704	1.1514879
2021-05-12 13:00:00	1	mhs	n19	4	171	7	2.0	-0.1155239	-0.0748553	0.1620554	0.8457818	0.8424628
2021-05-12 13:00:00	1	mhs	n19	5	171	5	2.0	-0.734126	-0.2970295	0.109498	0.8041336	0.7472645
2021-05-12 13:00:00	2	mhs	n19	1	176	55	2.5	-0.9852179	-0.5545912	0.1201778	2.3927954	2.327638
2021-05-12 13:00:00	2	mhs	n19	2	190	26	2.5	0.2157108	-0.2466902	0.1063235	1.698447	1.6804363
2021-05-12 13:00:00	2	mhs	n19	3	190	7	-2.5	-0.1723086	-0.1517353	0.2011897	1.1535585	1.1435356
2021-05-12 13:00:00	2	mhs	n19	4	190	10	2.0	-0.1542087	-0.0522546	0.1338534	0.7669909	0.7652088
2021-05-12 13:00:00	2	mhs	n19	5	190	9	2.0	-0.7050422	-0.090997	0.0737055	0.6661565	0.6599121
2021-05-12 13:00:00	3	mhs	n19	1	173	53	2.5	-1.0858557	-0.5889509	0.1220694	2.4285465	2.3560507
2021-05-12 13:00:00	3	mhs	n19	2	185	29	2.5	0.2152209	-0.2797174	0.1043025	1.6680944	1.6444747
2021-05-12 13:00:00	3	mhs	n19	3	185	5	-2.5	-0.16453	-0.1497839	0.20242	1.1614592	1.1517605
2021-05-12 13:00:00	3	mhs	n19	4	185	9	2.0	-0.1159782	0.0075383	0.1255276	0.7443468	0.7443087
2021-05-12 13:00:00	3	mhs	n19	5	185	6	2.0	-0.7089518	-0.0876972	0.0716648	0.6514854	0.6455559
2021-05-12 14:00:00	1	mhs	n19	1	232	113	2.5	-0.6893632	-1.3045191	0.4472528	2.7652106	2.438159
2021-05-12 14:00:00	1	mhs	n19	2	254	44	2.5	-0.3176134	-0.5443651	0.2117808	1.8408111	1.7584801
2021-05-12 14:00:00	1	mhs	n19	3	254	2	-2.5	-0.0321232	-0.0691553	0.200953	1.1549681	1.1528959
2021-05-12 14:00:00	1	mhs	n19	4	254	6	2.0	-0.107219	0.0562697	0.2116005	0.948489	0.9468184
2021-05-12 14:00:00	1	mhs	n19	5	254	3	2.0	-0.8945134	-0.141568	0.2020571	0.9907294	0.9805627
2021-05-12 14:00:00	2	mhs	n19	1	276	96	2.5	-0.850769	-0.6855247	0.2484681	2.3658403	2.2643446
2021-05-12 14:00:00	2	mhs	n19	2	297	28	2.5	-0.3871533	-0.3916749	0.126089	1.5671782	1.5174447
2021-05-12 14:00:00	2	mhs	n19	3	297	2	-2.5	-0.0008596	-0.0088657	0.1934262	1.1292014	1.1291666
2021-05-12 14:00:00	2	mhs	n19	4	297	8	2.0	-0.0787092	-0.0530264	0.1905806	0.8977447	0.8961773
2021-05-12 14:00:00	2	mhs	n19	5	297	5	2.0	-0.8855719	-0.1723975	0.1522525	0.8663144	0.8489875
2021-05-12 14:00:00	3	mhs	n19	1	259	77	2.5	-0.8320836	-0.5394547	0.2193465	2.2119546	2.1451647
2021-05-12 14:00:00	3	mhs	n19	2	274	25	2.5	-0.2669628	-0.2802066	0.1245308	1.4755978	1.4487489
2021-05-12 14:00:00	3	mhs	n19	3	274	9	-2.5	-0.0593683	-0.073775	0.1863754	1.1041202	1.1016527
2021-05-12 14:00:00	3	mhs	n19	4	274	10	2.0	-0.0537086	0.0264668	0.1755469	0.8567785	0.8563696
2021-05-12 14:00:00	3	mhs	n19	5	274	12	2.0	-0.8625806	-0.0887809	0.1370924	0.8040479	0.7991313
2021-05-12 15:00:00	1	mhs	n19	1	108	90	2.5	-3.9434835	-1.5397615	0.038695	2.965239	2.5341225
2021-05-12 15:00:00	1	mhs	n19	2	114	80	2.5	-1.4368235	-1.285628	0.1346692	2.3759261	1.9980454
2021-05-12 15:00:00	1	mhs	n19	3	114	6	-2.5	-0.1116227	-0.0211787	0.1649073	1.0821286	1.0819213
2021-05-12 15:00:00	1	mhs	n19	4	114	13	2.0	0.0275159	0.2231827	0.1688108	0.8792652	0.8504686
2021-05-12 15:00:00	1	mhs	n19	5	114	15	2.0	-0.835653	0.0383047	0.0761671	0.7313968	0.730393
2021-05-12 15:00:00	1	mhs	metop-b	1	13	4	2.5	1.7409333	-0.8441026	0.6046889	3.0195395	2.8991567
2021-05-12 15:00:00	1	mhs	metop-b	2	14	2	2.5	1.4577756	0.3265451	0.3403537	2.0915795	2.0659315
2021-05-12 15:00:00	1	mhs	metop-b	3	14	2	2.5	0.1010265	0.0792443	0.0661147	0.653539	0.6487169
2021-05-12 15:00:00	1	mhs	metop-b	4	14	2	2.0	-0.6473581	-0.2414701	0.1577187	0.80847	0.7715672
2021-05-12 15:00:00	1	mhs	metop-b	5	14	0	2.0	-1.1277495	-0.6407302	0.1873799	0.8871429	0.6135857
2021-05-12 15:00:00	2	mhs	n19	1	128	105	2.5	-3.7041861	-0.8165394	0.020832	2.7264641	2.6013208
2021-05-12 15:00:00	2	mhs	n19	2	138	83	2.5	-1.4723555	-0.7482733	0.0601758	2.2429607	2.1144644
2021-05-12 15:00:00	2	mhs	n19	3	138	7	-2.5	-0.1215173	-0.0173847	0.1862223	1.1429868	1.1428546
2021-05-12 15:00:00	2	mhs	n19	4	138	15	2.0	0.0006338	0.1691426	0.1256893	0.7555405	0.7363642
2021-05-12 15:00:00	2	mhs	n19	5	138	18	2.0	-0.9065749	0.0433586	0.0574144	0.7331964	0.7319132
2021-05-12 15:00:00	2	mhs	metop-b	1	15	3	2.5	1.1752967	-1.3564992	0.6354639	3.1029423	2.7907277
2021-05-12 15:00:00	2	mhs	metop-b	2	16	1	2.5	1.2449404	0.0380274	0.2269493	1.8064192	1.8060189
2021-05-12 15:00:00	2	mhs	metop-b	3	16	1	2.5	0.3085398	0.2820644	0.0977862	0.797288	0.7457264
2021-05-12 15:00:00	2	mhs	metop-b	4	16	1	2.0	-0.571844	-0.1316518	0.1475727	0.780732	0.769552
2021-05-12 15:00:00	2	mhs	metop-b	5	16	0	2.0	-1.1210502	-0.5744697	0.1773796	0.8644442	0.6459476
2021-05-12 15:00:00	3	mhs	n19	1	128	100	2.5	-3.6032992	-0.8192193	0.0211208	2.7731031	2.6493359
2021-05-12 15:00:00	3	mhs	n19	2	137	85	2.5	-1.298531	-0.6995696	0.0557917	2.2410018	2.1290119
2021-05-12 15:00:00	3	mhs	n19	3	137	6	-2.5	-0.1577077	-0.0481347	0.1761738	1.1188547	1.1178188
2021-05-12 15:00:00	3	mhs	n19	4	137	14	2.0	-0.0178809	0.1234172	0.1045729	0.6938439	0.6827793
2021-05-12 15:00:00	3	mhs	n19	5	137	16	2.0	-0.8741286	0.0742043	0.0491757	0.699914	0.6959693
2021-05-12 15:00:00	3	mhs	metop-b	1	16	2	2.5	0.7811099	-1.3955408	0.5106924	3.1284767	2.79997
2021-05-12 15:00:00	3	mhs	metop-b	2	16	1	2.5	1.3488696	0.0670058	0.1819964	1.705693	1.7043763
2021-05-12 15:00:00	3	mhs	metop-b	3	16	1	2.5	0.258383	0.2093858	0.0812499	0.7223647	0.6913525
2021-05-12 15:00:00	3	mhs	metop-b	4	16	1	2.0	-0.6225688	-0.1656398	0.1032407	0.6496428	0.6281713
2021-05-12 15:00:00	3	mhs	metop-b	5	16	0	2.0	-1.1520962	-0.5345382	0.153426	0.8040237	0.6006022
2021-05-12 16:00:00	1	mhs	n19	1	97	135	2.5	2.4089535	1.2154153	0.614678	3.3694217	3.1425734
2021-05-12 16:00:00	1	mhs	n19	2	124	53	2.5	2.1989836	1.06996	0.7297994	2.6678299	2.4438703
2021-05-12 16:00:00	1	mhs	n19	3	124	2	-2.5	0.0546645	-0.012036	0.2211655	1.2126793	1.2126196
2021-05-12 16:00:00	1	mhs	n19	4	124	6	2.0	-0.0057498	0.0398421	0.188005	0.8953623	0.8944754
2021-05-12 16:00:00	1	mhs	n19	5	124	3	2.0	-0.4979104	0.1458223	0.0805052	0.608234	0.5904951
2021-05-12 16:00:00	1	mhs	metop-b	1	615	77	2.5	-0.3909699	-0.3683024	0.2519988	2.5453094	2.518522
2021-05-12 16:00:00	1	mhs	metop-b	2	643	35	2.5	0.5828587	0.0865824	0.1402011	1.7056787	1.7034798
2021-05-12 16:00:00	1	mhs	metop-b	3	643	12	2.5	-0.0229932	-0.0950425	0.1208246	0.8922956	0.8872195
2021-05-12 16:00:00	1	mhs	metop-b	4	643	10	2.0	-0.2393302	-0.0277226	0.1425241	0.7735174	0.7730205
2021-05-12 16:00:00	1	mhs	metop-b	5	643	10	2.0	-0.2241873	-0.0395398	0.1323314	0.822942	0.8219916
2021-05-12 16:00:00	2	mhs	n19	1	116	121	2.5	2.8343018	1.4482941	0.493115	3.1293512	2.7740373
2021-05-12 16:00:00	2	mhs	n19	2	139	42	2.5	2.506641	1.1186203	0.5430631	2.3815853	2.1025312
2021-05-12 16:00:00	2	mhs	n19	3	139	1	-2.5	0.1517915	0.1020665	0.2067276	1.1691875	1.1647239
2021-05-12 16:00:00	2	mhs	n19	4	139	7	2.0	-0.0906224	-0.0481291	0.144066	0.7818916	0.7804089
2021-05-12 16:00:00	2	mhs	n19	5	139	4	2.0	-0.4696466	0.1165481	0.0751196	0.6066769	0.5953767
2021-05-12 16:00:00	2	mhs	metop-b	1	650	58	2.5	-0.5142864	-0.3353884	0.2267506	2.3945971	2.3709934
2021-05-12 16:00:00	2	mhs	metop-b	2	681	20	2.5	0.5585214	-0.037812	0.1019879	1.5121653	1.5116924
2021-05-12 16:00:00	2	mhs	metop-b	3	681	3	2.5	-0.0532349	-0.0392288	0.0840846	0.7466286	0.7455973
2021-05-12 16:00:00	2	mhs	metop-b	4	681	3	2.0	-0.152406	0.0059556	0.0969009	0.6424638	0.6424362
2021-05-12 16:00:00	2	mhs	metop-b	5	681	3	2.0	-0.0981063	0.0278425	0.1109679	0.7469423	0.7464232
2021-05-12 16:00:00	3	mhs	n19	1	124	109	2.5	2.7448306	1.2406151	0.4607776	3.0065578	2.738661
2021-05-12 16:00:00	3	mhs	n19	2	149	37	2.5	2.255806	0.8723107	0.4536602	2.2049826	2.0250981
2021-05-12 16:00:00	3	mhs	n19	3	149	1	-2.5	0.1486905	0.0999667	0.2062751	1.1623097	1.1580028
2021-05-12 16:00:00	3	mhs	n19	4	149	2	2.0	-0.0594514	0.0013908	0.1332502	0.7500579	0.7500566
2021-05-12 16:00:00	3	mhs	n19	5	149	1	2.0	-0.4398151	0.1507155	0.0754135	0.6199833	0.6013852
2021-05-12 16:00:00	3	mhs	metop-b	1	638	55	2.5	-0.5932708	-0.2409443	0.2029429	2.2746302	2.2618329
2021-05-12 16:00:00	3	mhs	metop-b	2	669	20	2.5	0.4818142	0.030523	0.0926867	1.4827271	1.4824129
2021-05-12 16:00:00	3	mhs	metop-b	3	669	6	2.5	0.0007529	-0.0294519	0.0773597	0.7155881	0.7149818
2021-05-12 16:00:00	3	mhs	metop-b	4	669	5	2.0	-0.1030254	0.0129063	0.0914982	0.6223248	0.6221909
2021-05-12 16:00:00	3	mhs	metop-b	5	669	8	2.0	-0.0763778	0.0256116	0.1020149	0.718708	0.7182515
2021-05-12 18:00:00	1	mhs	metop-b	1	401	141	2.5	-1.118312	0.0313621	0.1568997	2.6606455	2.6604607
2021-05-12 18:00:00	1	mhs	metop-b	2	433	119	2.5	0.4772652	-0.0565323	0.1713485	2.3017268	2.3010325
2021-05-12 18:00:00	1	mhs	metop-b	3	433	15	2.5	0.1111958	0.0203029	0.1077274	0.859458	0.8592182
2021-05-12 18:00:00	1	mhs	metop-b	4	433	10	2.0	-0.217896	-0.0802358	0.1400038	0.7870967	0.7829964
2021-05-12 18:00:00	1	mhs	metop-b	5	433	20	2.0	0.0369441	-0.1077426	0.1076521	0.9072462	0.9008259
2021-05-12 18:00:00	2	mhs	metop-b	1	459	132	2.5	-1.201558	-0.0275584	0.1294517	2.5446022	2.544453
2021-05-12 18:00:00	2	mhs	metop-b	2	497	104	2.5	0.3985812	-0.0561776	0.1506848	2.2185013	2.2177899
2021-05-12 18:00:00	2	mhs	metop-b	3	497	12	2.5	0.0935718	0.0044621	0.0790324	0.7435159	0.7435025
2021-05-12 18:00:00	2	mhs	metop-b	4	497	13	2.0	-0.1861606	-0.0113345	0.0999715	0.6771047	0.6770098
2021-05-12 18:00:00	2	mhs	metop-b	5	497	21	2.0	0.0720457	-0.019863	0.090751	0.8392505	0.8390154
2021-05-12 18:00:00	3	mhs	metop-b	1	481	130	2.5	-1.2698299	-0.0470856	0.1182009	2.5289313	2.528493
2021-05-12 18:00:00	3	mhs	metop-b	2	515	103	2.5	0.3182856	-0.0529428	0.1348374	2.1715611	2.1709156
2021-05-12 18:00:00	3	mhs	metop-b	3	515	6	2.5	0.1073608	0.0031834	0.0715047	0.7066284	0.7066212
2021-05-12 18:00:00	3	mhs	metop-b	4	515	11	2.0	-0.1998886	-0.0208524	0.0909778	0.6519151	0.6515815
2021-05-12 18:00:00	3	mhs	metop-b	5	515	11	2.0	0.0495955	-0.0583588	0.0852018	0.8220208	0.8199466
2021-05-12 20:00:00	1	mhs	metop-b	1	282	62	2.5	3.4538524	1.437753	0.5876233	3.0294168	2.6665018
2021-05-12 20:00:00	1	mhs	metop-b	2	323	17	2.5	2.0271443	1.0211358	0.6509899	2.4065769	2.1791957
2021-05-12 20:00:00	1	mhs	metop-b	3	323	1	2.5	0.3714958	0.232626	0.1311045	0.9206858	0.8908128
2021-05-12 20:00:00	1	mhs	metop-b	4	323	2	2.0	-0.1402926	-0.1456822	0.1467274	0.7757713	0.7619697
2021-05-12 20:00:00	1	mhs	metop-b	5	323	1	2.0	-0.4202934	-0.2098754	0.1047794	0.6613498	0.627165
2021-05-12 20:00:00	2	mhs	metop-b	1	332	37	2.5	3.3922259	1.021278	0.4421868	2.6019601	2.3931543
2021-05-12 20:00:00	2	mhs	metop-b	2	357	10	2.5	1.472961	0.3434951	0.3556232	1.7766942	1.7431734
2021-05-12 20:00:00	2	mhs	metop-b	3	357	1	2.5	0.2639435	0.0470594	0.0840739	0.7344893	0.7329802
2021-05-12 20:00:00	2	mhs	metop-b	4	357	1	2.0	-0.0929751	-0.0875344	0.0855597	0.5952471	0.5887757
2021-05-12 20:00:00	2	mhs	metop-b	5	357	0	2.0	-0.338669	-0.1144245	0.0725666	0.5523213	0.5403386
2021-05-12 20:00:00	3	mhs	metop-b	1	346	30	2.5	3.3127927	0.7337483	0.3720354	2.3972577	2.2822046
2021-05-12 20:00:00	3	mhs	metop-b	2	364	9	2.5	1.3075894	0.141133	0.2817864	1.5774299	1.5711036
2021-05-12 20:00:00	3	mhs	metop-b	3	364	1	2.5	0.2733234	0.0726136	0.0735555	0.6849709	0.6811111
2021-05-12 20:00:00	3	mhs	metop-b	4	364	0	2.0	-0.0679625	-0.0512755	0.0699471	0.5349572	0.5324941
2021-05-12 20:00:00	3	mhs	metop-b	5	364	0	2.0	-0.3136216	-0.0724352	0.0621796	0.5090971	0.5039177
2021-05-12 23:00:00	1	mhs	n19	1	58	25	2.5	0.6409174	-0.8766647	0.3940518	2.7532858	2.6099888
2021-05-12 23:00:00	1	mhs	n19	2	66	16	2.5	1.7122606	0.469717	0.6077178	2.5805908	2.537482
2021-05-12 23:00:00	1	mhs	n19	3	66	0	-2.5	-0.247129	-0.1732539	0.1949461	1.1384993	1.1252394
2021-05-12 23:00:00	1	mhs	n19	4	66	3	2.0	-0.3190224	-0.1313098	0.1885676	0.9038285	0.8942391
2021-05-12 23:00:00	1	mhs	n19	5	66	3	2.0	-0.5294574	0.0081421	0.1022567	0.6788773	0.6788284
2021-05-12 23:00:00	2	mhs	n19	1	56	24	2.5	0.964074	-0.4843027	0.3087725	2.3854208	2.3357405
2021-05-12 23:00:00	2	mhs	n19	2	62	12	2.5	1.8227857	0.4148404	0.4708296	2.221994	2.1829258
2021-05-12 23:00:00	2	mhs	n19	3	62	2	-2.5	-0.2906679	-0.2137817	0.1762549	1.0665823	1.0449379
2021-05-12 23:00:00	2	mhs	n19	4	62	1	2.0	-0.435063	-0.2459701	0.1578813	0.8207703	0.783047
2021-05-12 23:00:00	2	mhs	n19	5	62	2	2.0	-0.6039739	-0.0754604	0.0806585	0.5874091	0.582542
2021-05-12 23:00:00	3	mhs	n19	1	61	21	2.5	1.2536339	-0.2133071	0.3238907	2.4411051	2.4317677
2021-05-12 23:00:00	3	mhs	n19	2	66	11	2.5	1.9029629	0.5006667	0.467653	2.2321511	2.1752773
2021-05-12 23:00:00	3	mhs	n19	3	66	1	-2.5	-0.1937954	-0.1226217	0.1801566	1.0770223	1.0700191
2021-05-12 23:00:00	3	mhs	n19	4	66	2	2.0	-0.4117917	-0.198693	0.1375788	0.7659345	0.739714
2021-05-12 23:00:00	3	mhs	n19	5	66	1	2.0	-0.6383225	-0.0483853	0.0822741	0.5941835	0.5922101
